pair_index,frame_id,old_source,new_source,paired_output
000,0000,test/our/DTU/scan114-10k可/color_000.png,test_DTU/test_scan114/few_shot3_legacy_old43/test_DiffusioNeRF_NeurTV_Ray_30k_seed0/evaluation/step_010002/raw/frames/frame_0000_rgb.png,pairs/pair_000_frame_0000.png
001,0002,test/our/DTU/scan114-10k可/color_001.png,test_DTU/test_scan114/few_shot3_legacy_old43/test_DiffusioNeRF_NeurTV_Ray_30k_seed0/evaluation/step_010002/raw/frames/frame_0002_rgb.png,pairs/pair_001_frame_0002.png
002,0006,test/our/DTU/scan114-10k可/color_002.png,test_DTU/test_scan114/few_shot3_legacy_old43/test_DiffusioNeRF_NeurTV_Ray_30k_seed0/evaluation/step_010002/raw/frames/frame_0006_rgb.png,pairs/pair_002_frame_0006.png
003,0007,test/our/DTU/scan114-10k可/color_003.png,test_DTU/test_scan114/few_shot3_legacy_old43/test_DiffusioNeRF_NeurTV_Ray_30k_seed0/evaluation/step_010002/raw/frames/frame_0007_rgb.png,pairs/pair_003_frame_0007.png
004,0008,test/our/DTU/scan114-10k可/color_004.png,test_DTU/test_scan114/few_shot3_legacy_old43/test_DiffusioNeRF_NeurTV_Ray_30k_seed0/evaluation/step_010002/raw/frames/frame_0008_rgb.png,pairs/pair_004_frame_0008.png
005,0009,test/our/DTU/scan114-10k可/color_005.png,test_DTU/test_scan114/few_shot3_legacy_old43/test_DiffusioNeRF_NeurTV_Ray_30k_seed0/evaluation/step_010002/raw/frames/frame_0009_rgb.png,pairs/pair_005_frame_0009.png
006,0010,test/our/DTU/scan114-10k可/color_006.png,test_DTU/test_scan114/few_shot3_legacy_old43/test_DiffusioNeRF_NeurTV_Ray_30k_seed0/evaluation/step_010002/raw/frames/frame_0010_rgb.png,pairs/pair_006_frame_0010.png
007,0011,test/our/DTU/scan114-10k可/color_007.png,test_DTU/test_scan114/few_shot3_legacy_old43/test_DiffusioNeRF_NeurTV_Ray_30k_seed0/evaluation/step_010002/raw/frames/frame_0011_rgb.png,pairs/pair_007_frame_0011.png
008,0012,test/our/DTU/scan114-10k可/color_008.png,test_DTU/test_scan114/few_shot3_legacy_old43/test_DiffusioNeRF_NeurTV_Ray_30k_seed0/evaluation/step_010002/raw/frames/frame_0012_rgb.png,pairs/pair_008_frame_0012.png
009,0013,test/our/DTU/scan114-10k可/color_009.png,test_DTU/test_scan114/few_shot3_legacy_old43/test_DiffusioNeRF_NeurTV_Ray_30k_seed0/evaluation/step_010002/raw/frames/frame_0013_rgb.png,pairs/pair_009_frame_0013.png
010,0014,test/our/DTU/scan114-10k可/color_010.png,test_DTU/test_scan114/few_shot3_legacy_old43/test_DiffusioNeRF_NeurTV_Ray_30k_seed0/evaluation/step_010002/raw/frames/frame_0014_rgb.png,pairs/pair_010_frame_0014.png
011,0015,test/our/DTU/scan114-10k可/color_011.png,test_DTU/test_scan114/few_shot3_legacy_old43/test_DiffusioNeRF_NeurTV_Ray_30k_seed0/evaluation/step_010002/raw/frames/frame_0015_rgb.png,pairs/pair_011_frame_0015.png
012,0016,test/our/DTU/scan114-10k可/color_012.png,test_DTU/test_scan114/few_shot3_legacy_old43/test_DiffusioNeRF_NeurTV_Ray_30k_seed0/evaluation/step_010002/raw/frames/frame_0016_rgb.png,pairs/pair_012_frame_0016.png
013,0017,test/our/DTU/scan114-10k可/color_013.png,test_DTU/test_scan114/few_shot3_legacy_old43/test_DiffusioNeRF_NeurTV_Ray_30k_seed0/evaluation/step_010002/raw/frames/frame_0017_rgb.png,pairs/pair_013_frame_0017.png
014,0018,test/our/DTU/scan114-10k可/color_014.png,test_DTU/test_scan114/few_shot3_legacy_old43/test_DiffusioNeRF_NeurTV_Ray_30k_seed0/evaluation/step_010002/raw/frames/frame_0018_rgb.png,pairs/pair_014_frame_0018.png
015,0019,test/our/DTU/scan114-10k可/color_015.png,test_DTU/test_scan114/few_shot3_legacy_old43/test_DiffusioNeRF_NeurTV_Ray_30k_seed0/evaluation/step_010002/raw/frames/frame_0019_rgb.png,pairs/pair_015_frame_0019.png
016,0020,test/our/DTU/scan114-10k可/color_016.png,test_DTU/test_scan114/few_shot3_legacy_old43/test_DiffusioNeRF_NeurTV_Ray_30k_seed0/evaluation/step_010002/raw/frames/frame_0020_rgb.png,pairs/pair_016_frame_0020.png
017,0021,test/our/DTU/scan114-10k可/color_017.png,test_DTU/test_scan114/few_shot3_legacy_old43/test_DiffusioNeRF_NeurTV_Ray_30k_seed0/evaluation/step_010002/raw/frames/frame_0021_rgb.png,pairs/pair_017_frame_0021.png
018,0022,test/our/DTU/scan114-10k可/color_018.png,test_DTU/test_scan114/few_shot3_legacy_old43/test_DiffusioNeRF_NeurTV_Ray_30k_seed0/evaluation/step_010002/raw/frames/frame_0022_rgb.png,pairs/pair_018_frame_0022.png
019,0024,test/our/DTU/scan114-10k可/color_019.png,test_DTU/test_scan114/few_shot3_legacy_old43/test_DiffusioNeRF_NeurTV_Ray_30k_seed0/evaluation/step_010002/raw/frames/frame_0024_rgb.png,pairs/pair_019_frame_0024.png
020,0025,test/our/DTU/scan114-10k可/color_020.png,test_DTU/test_scan114/few_shot3_legacy_old43/test_DiffusioNeRF_NeurTV_Ray_30k_seed0/evaluation/step_010002/raw/frames/frame_0025_rgb.png,pairs/pair_020_frame_0025.png
021,0026,test/our/DTU/scan114-10k可/color_021.png,test_DTU/test_scan114/few_shot3_legacy_old43/test_DiffusioNeRF_NeurTV_Ray_30k_seed0/evaluation/step_010002/raw/frames/frame_0026_rgb.png,pairs/pair_021_frame_0026.png
022,0027,test/our/DTU/scan114-10k可/color_022.png,test_DTU/test_scan114/few_shot3_legacy_old43/test_DiffusioNeRF_NeurTV_Ray_30k_seed0/evaluation/step_010002/raw/frames/frame_0027_rgb.png,pairs/pair_022_frame_0027.png
023,0028,test/our/DTU/scan114-10k可/color_023.png,test_DTU/test_scan114/few_shot3_legacy_old43/test_DiffusioNeRF_NeurTV_Ray_30k_seed0/evaluation/step_010002/raw/frames/frame_0028_rgb.png,pairs/pair_023_frame_0028.png
024,0029,test/our/DTU/scan114-10k可/color_024.png,test_DTU/test_scan114/few_shot3_legacy_old43/test_DiffusioNeRF_NeurTV_Ray_30k_seed0/evaluation/step_010002/raw/frames/frame_0029_rgb.png,pairs/pair_024_frame_0029.png
025,0030,test/our/DTU/scan114-10k可/color_025.png,test_DTU/test_scan114/few_shot3_legacy_old43/test_DiffusioNeRF_NeurTV_Ray_30k_seed0/evaluation/step_010002/raw/frames/frame_0030_rgb.png,pairs/pair_025_frame_0030.png
026,0031,test/our/DTU/scan114-10k可/color_026.png,test_DTU/test_scan114/few_shot3_legacy_old43/test_DiffusioNeRF_NeurTV_Ray_30k_seed0/evaluation/step_010002/raw/frames/frame_0031_rgb.png,pairs/pair_026_frame_0031.png
027,0032,test/our/DTU/scan114-10k可/color_027.png,test_DTU/test_scan114/few_shot3_legacy_old43/test_DiffusioNeRF_NeurTV_Ray_30k_seed0/evaluation/step_010002/raw/frames/frame_0032_rgb.png,pairs/pair_027_frame_0032.png
028,0033,test/our/DTU/scan114-10k可/color_028.png,test_DTU/test_scan114/few_shot3_legacy_old43/test_DiffusioNeRF_NeurTV_Ray_30k_seed0/evaluation/step_010002/raw/frames/frame_0033_rgb.png,pairs/pair_028_frame_0033.png
029,0034,test/our/DTU/scan114-10k可/color_029.png,test_DTU/test_scan114/few_shot3_legacy_old43/test_DiffusioNeRF_NeurTV_Ray_30k_seed0/evaluation/step_010002/raw/frames/frame_0034_rgb.png,pairs/pair_029_frame_0034.png
030,0035,test/our/DTU/scan114-10k可/color_030.png,test_DTU/test_scan114/few_shot3_legacy_old43/test_DiffusioNeRF_NeurTV_Ray_30k_seed0/evaluation/step_010002/raw/frames/frame_0035_rgb.png,pairs/pair_030_frame_0035.png
031,0036,test/our/DTU/scan114-10k可/color_031.png,test_DTU/test_scan114/few_shot3_legacy_old43/test_DiffusioNeRF_NeurTV_Ray_30k_seed0/evaluation/step_010002/raw/frames/frame_0036_rgb.png,pairs/pair_031_frame_0036.png
032,0037,test/our/DTU/scan114-10k可/color_032.png,test_DTU/test_scan114/few_shot3_legacy_old43/test_DiffusioNeRF_NeurTV_Ray_30k_seed0/evaluation/step_010002/raw/frames/frame_0037_rgb.png,pairs/pair_032_frame_0037.png
033,0038,test/our/DTU/scan114-10k可/color_033.png,test_DTU/test_scan114/few_shot3_legacy_old43/test_DiffusioNeRF_NeurTV_Ray_30k_seed0/evaluation/step_010002/raw/frames/frame_0038_rgb.png,pairs/pair_033_frame_0038.png
034,0039,test/our/DTU/scan114-10k可/color_034.png,test_DTU/test_scan114/few_shot3_legacy_old43/test_DiffusioNeRF_NeurTV_Ray_30k_seed0/evaluation/step_010002/raw/frames/frame_0039_rgb.png,pairs/pair_034_frame_0039.png
035,0040,test/our/DTU/scan114-10k可/color_035.png,test_DTU/test_scan114/few_shot3_legacy_old43/test_DiffusioNeRF_NeurTV_Ray_30k_seed0/evaluation/step_010002/raw/frames/frame_0040_rgb.png,pairs/pair_035_frame_0040.png
036,0041,test/our/DTU/scan114-10k可/color_036.png,test_DTU/test_scan114/few_shot3_legacy_old43/test_DiffusioNeRF_NeurTV_Ray_30k_seed0/evaluation/step_010002/raw/frames/frame_0041_rgb.png,pairs/pair_036_frame_0041.png
037,0042,test/our/DTU/scan114-10k可/color_037.png,test_DTU/test_scan114/few_shot3_legacy_old43/test_DiffusioNeRF_NeurTV_Ray_30k_seed0/evaluation/step_010002/raw/frames/frame_0042_rgb.png,pairs/pair_037_frame_0042.png
038,0043,test/our/DTU/scan114-10k可/color_038.png,test_DTU/test_scan114/few_shot3_legacy_old43/test_DiffusioNeRF_NeurTV_Ray_30k_seed0/evaluation/step_010002/raw/frames/frame_0043_rgb.png,pairs/pair_038_frame_0043.png
039,0044,test/our/DTU/scan114-10k可/color_039.png,test_DTU/test_scan114/few_shot3_legacy_old43/test_DiffusioNeRF_NeurTV_Ray_30k_seed0/evaluation/step_010002/raw/frames/frame_0044_rgb.png,pairs/pair_039_frame_0044.png
040,0045,test/our/DTU/scan114-10k可/color_040.png,test_DTU/test_scan114/few_shot3_legacy_old43/test_DiffusioNeRF_NeurTV_Ray_30k_seed0/evaluation/step_010002/raw/frames/frame_0045_rgb.png,pairs/pair_040_frame_0045.png
041,0046,test/our/DTU/scan114-10k可/color_041.png,test_DTU/test_scan114/few_shot3_legacy_old43/test_DiffusioNeRF_NeurTV_Ray_30k_seed0/evaluation/step_010002/raw/frames/frame_0046_rgb.png,pairs/pair_041_frame_0046.png
042,0048,test/our/DTU/scan114-10k可/color_042.png,test_DTU/test_scan114/few_shot3_legacy_old43/test_DiffusioNeRF_NeurTV_Ray_30k_seed0/evaluation/step_010002/raw/frames/frame_0048_rgb.png,pairs/pair_042_frame_0048.png
